name,price,rating,reviews,url
"Soundcore Anker Life Q20 Hybrid Active Noise Cancelling Headphones, Wireless Over Ear Bluetooth Headphones, 60H Playtime, Hi-Res Audio, Deep Bass, Memory Foam Ear Cups, Travel, Office, USB-C Charging",N/A,4.5,"85,429",https://www.amazon.com/sspa/click
"Wireless Earbuds Bluetooth 5.4 Headphones Noise Cancelling, 40H Playtime Bluetooth Ear Bud with Dynamic Drivers Stereo, Sports Earphones Wireless with LED Power Display for Laptop Pad Phones",N/A,4.7,730,https://www.amazon.com/sspa/click
"BERIBES Bluetooth Headphones Over Ear, 65H Playtime and 6 EQ Music Modes Wireless Headphones with Microphone, HiFi Stereo Foldable Lightweight Headset, Deep Bass for Home Office Cellphone PC Ect.",N/A,4.5,Products highlighted as 'Overall Pick' are:,https://www.amazon.com/BERIBES-Bluetooth-Headphones-Microphone-Lightweight/dp/B09LYF2ST7/ref=sr_1_3
"Soundcore Anker Life Q20 Hybrid Active Noise Cancelling Headphones, Wireless Over Ear Bluetooth Headphones, 60H Playtime, Hi-Res Audio, Deep Bass, Memory Foam Ear Cups, Travel, Office, USB-C Charging",N/A,4.5,"85,429",https://www.amazon.com/Soundcore-Cancelling-Headphones-Wireless-Bluetooth/dp/B0DLKB5V35/ref=sr_1_4
"Wireless Earbuds, Bluetooth 5.4 Headphones Multi-Function Touch Screen with 5 EQ Modes, 48H Ear Buds Bass Stereo with ANC Noise Cancelling/Transparency Mode, IPX7 Bluetooth Earbuds for Android/iOS",N/A,4.8,353,https://www.amazon.com/Bluetooth-Headphones-Multi-Function-Cancelling-Transparency/dp/B0DSC2W368/ref=sr_1_5
"JBL Tune 720BT - Wireless Over-Ear Headphones with JBL Pure Bass Sound, Bluetooth 5.3, Up to 76H Battery Life and Speed Charge, Lightweight, Comfortable and Foldable Design (Black)",N/A,4.5,"3,954",https://www.amazon.com/JBL-TUNE-720BT-Lightweight-comfortable/dp/B0CTBCDD6D/ref=sr_1_6
"Wireless Earbuds, 2025 Bluetooth 5.4 Headphones in Ear with 4 ENC Noise Cancelling Mic, New Wireless Earphones HiFi Stereo Deep Bass 40H Playtime, LED, In-Ear Bluetooth Ear Buds IP7 Waterproof, USB-C",N/A,4.3,83,https://www.amazon.com/sspa/click
"Sony WH-CH520 Wireless Headphones Bluetooth On-Ear Headset with Microphone, Black New",N/A,4.4,"18,787",https://www.amazon.com/Sony-WH-CH520-Headphones-Bluetooth-Microphone/dp/B0BS1PRC4L/ref=sr_1_8
"Picun B8 Bluetooth Headphones, 120H Playtime Headphones Wireless Bluetooth with 3 EQ Modes, Low Latency, Hands-Free Calls, Over Ear Headphones for Travel Home Office Cellphone PC Black",N/A,4.6,"4,652",https://www.amazon.com/Picun-B8-Bluetooth-Headphones-Hands-Free/dp/B0CFV9XR2Q/ref=sr_1_9
"JLab JBuds Lux ANC Wireless Headphones, Mauve, Hybrid Active Noise Cancelling, Customizable Sound, Spatial Audio Compatible, Premium Over-Ear Bluetooth Headset",N/A,4.5,"1,738",https://www.amazon.com/JLab-Headphones-Cancelling-Customizable-Compatible/dp/B0CRLXZ5J6/ref=sr_1_10
Wireless Earbuds Bluetooth Headphones 80hrs Playback Ear Buds Power Display with Noise Canceling Mic Headsets for Sports/Workout/Running Black,N/A,4.8,"2,212",https://www.amazon.com/Wireless-Bluetooth-Headphones-Playback-Canceling/dp/B0DSC4N58X/ref=sr_1_11
"Wireless Earbuds, Bluetooth 5.4 Headphones Bass Stereo, Ear Buds with Noise Cancelling Mic LED Display, IP7 Waterproof in Ear Earphones, 36H Playtime for Laptop Pad Phones Sports Workout, Black",N/A,4.5,"12,864",https://www.amazon.com/sspa/click
"Soundcore by Anker Q20i Hybrid Active Noise Cancelling Headphones, Wireless Over-Ear Bluetooth, 40H Long ANC Playtime, Hi-Res Audio, Big Bass, Customize via an App, Transparency Mode (White)",N/A,4.5,"26,089",https://www.amazon.com/Soundcore-Cancelling-Headphones-Bluetooth-Transparency/dp/B0CQXMXJC5/ref=sr_1_13
"Sony WH-CH720N Noise Canceling Wireless Headphones Bluetooth Over The Ear Headset with Microphone and Alexa Built-in, Black New",N/A,4.4,"9,301",https://www.amazon.com/Sony-WH-CH720N-Canceling-Headphones-Microphone/dp/B0BS1QCFHX/ref=sr_1_14
"Wireless Earbuds Bluetooth 5.4 Headphones Sport, 2025 Bluetooth Earbuds with Earhooks, 50H Stereo Over Ear Buds, Earphone with 4 ENC Noise Canceling Mic, IP7 Waterproof Headset for Running/Gym/Workout",N/A,4.9,712,https://www.amazon.com/Wireless-Bluetooth-Headphones-Canceling-Waterproof/dp/B0DP4V9WN4/ref=sr_1_15
"JBL Vibe Beam - True Wireless JBL Deep Bass Sound Earbuds, Bluetooth 5.2, Water & Dust Resistant, Hands-free call with VoiceAware, Up to 32 hours of battery life (Black)",N/A,4.3,"20,175",https://www.amazon.com/JBL-Vibe-Beam-Wireless-Headphones/dp/B0BQPNMXQV/ref=sr_1_16
"Wireless Earbuds, Bluetooth Headphones 5.4 with ENC Noise Cancelling Mics, 40H Bluetooth Ear buds Stereo Bass with Dual LED Display Charging Case, IP7 Waterproof Wireless Earphones for Android, iOS",N/A,4.3,"1,507",https://www.amazon.com/sspa/click
"Wireless Earbuds Bluetooth Headphones, Ear Buds with Deep Bass, 40H Long Playtime, Power Display, IPX7 Waterproof in Ear Earphone with Mic for Phone Tablet Sports Workout, Black",N/A,4.7,"1,243",https://www.amazon.com/HUIFU-Wireless-Bluetooth-Headphones-Waterproof/dp/B0DTHWYM8W/ref=sr_1_18
"KVIDIO Bluetooth Headphones Over Ear, 65 Hours Playtime Wireless Headphones with Microphone, Foldable Lightweight Headset with Deep Bass, HiFi Stereo Sound for Travel Work Cellphone",N/A,4.4,"26,716",https://www.amazon.com/Bluetooth-Headphones-KVIDIO-Microphone-Lightweight/dp/B09BF64J55/ref=sr_1_19
"Wireless Earbuds Sport Headphones 5.3, 80Hrs Stereo New Bluetooth Earbuds with HD Mic, Ear buds with Earhooks ENC Noise Canceling Earphones, IP7 Waterproof Headset for Sports/Workout/Running Rose Gold",N/A,4.9,"1,779",https://www.amazon.com/Headphones-Bluetooth-Canceling-Earphones-Waterproof/dp/B0DQ4BZYZM/ref=sr_1_20
"Wireless Earbuds, 2025 Bluetooth 5.4 Headphones in Ear Buds, 40H HiFi Stereo Bluetooth Earbuds with 4 ENC Noise Cancelling Mics, IP7 Waterproof Earphones with Dual LED Display USB C, Mini Ultralight",N/A,5.0,237,https://www.amazon.com/Bluetooth-Headphones-Cancelling-Waterproof-Ultralight/dp/B0DS2FJLMH/ref=sr_1_21
"BERIBES Bluetooth Headphones Over Ear, 65H Playtime and 6 EQ Music Modes Wireless Headphones with Microphone, HiFi Stereo Foldable Lightweight Headset, Deep Bass for Home Office Cellphone PC Ect.",N/A,4.5,Products highlighted as 'Overall Pick' are:,https://www.amazon.com/sspa/click
